Number,Licence_Plate_Number,Car_Owner
1,4191230,Launa Trembath  
2,98861788,Bell Hartig  
3,60160414,Eleanore Branan  
4,51502420,Hyun Sather  
5,47737405,Jeannine Shin  
6,11182969,Valrie Marietta  
7,55232044,Yen Tuma  
8,48820282,Cari Reimers  
9,2030533,Arletha Kawamoto  
10,28403941,Laurette Warfield  
11,33156128,Maragaret Lukasiewicz  
12,64645372,Lillian Almaraz  
13,18989788,Myrtle Cavazos  
14,10683573,Quinton Durand  
15,37987122,Fay Ptak  
16,3229749,Stephane Trumble  
17,4951565,Jordan Gosnell  
18,75318415,Elvina Faulkner  
19,49336122,Ethyl Livesay  
20,90693218,Estela Deckard  
21,73221551,Ellen Odell  
22,4892205,Tennie Laliberte  
23,92282724,Marcie Riggie  
24,18389327,Chandra Ludwick  
25,82090752,Earl Gale  
26,6438561,Chana Betters  
27,81051710,Mae Caison  
28,13132295,Mandie Burrill  
29,18191092,Jason Rutz  
30,29041305,Shaunna Dillinger  
31,92057201,Stefanie Schwalb  
32,64341547,Reina Bakos  
33,20911051,Alysa Krebsbach  
34,44932546,Margarett Trout  
35,86615955,Gabriella Rodreguez  
36,60294344,Dawna Detamore  
37,48908918,Anjanette Moultry  
38,72531773,Rudolf Hollowell  
39,25324259,Mavis Bozek  
40,9541198,Mauro Pett  
41,73075344,Mafalda Shull  
42,80207200,Gillian Skeete  
43,93868446,Star Melendez  
44,91971489,Jovita Pinkett  
45,46731225,Elmo Esh  
46,56473431,Daniel Evangelista  
47,75064090,Neely Stubblefield  
48,7521918,Madalene Bigley  
49,33442673,Emmy Bourbeau  
50,29503238,Angeles Adamo 
51,80926486,Marquerite Isett  
52,10229288,Korey Lanoue  
53,91627050,Francene Huhn  
54,84215867,Marie Stabler  
55,34005063,Heidy Fullwood  
56,29347662,Britany Gumm  
57,78364751,Eula Wu  
58,22887638,Wilford Scheurer  
59,82367346,Angie Mclaurin  
60,37651351,Hong Seaborn  
61,13699394,Shawana Menjivar  
62,90893533,Paige Bonar  
63,38899445,Davis Lessard  
64,81244711,Shizue Eichner  
65,44600741,Jacki Emert  
66,64889437,Kasi Hilyard  
67,31866574,Felisha Danielson  
68,69206079,Tristan Schaefer  
69,6112409,Ronald Hornak  
70,13594974,Theressa Hoaglin  
71,21045856,Lida Catalan  
72,92763784,Audra Rauscher  
73,38762893,Lakisha Sansbury  
74,39703842,Jamal Crean  
75,81062002,Digna Fails  
76,48989923,Glen Bonk  
77,96352733,Sharyl Koziol  
78,69482125,Lai Welsch  
79,13602218,Willena Miron  
80,13108848,Tamala Christina  
81,62776146,Patria Jaquez  
82,34667465,Tinisha Eggebrecht  
83,12506007,Tambra Chalker  
84,37550270,Beatris Suarez  
85,39521685,Reena Spiller  
86,17557750,Dimple Goodenough  
87,28580236,Patti Torrey  
88,18388699,Kori Faye  
89,37040530,Savanna Finlayson  
90,87770365,Karmen Goodreau  
91,96819462,Hilda Shryock  
92,68174084,Kermit Bankhead  
93,29013494,Blossom Cottrell  
94,48152808,Tequila Brinkman  
95,65108094,Ines Leith  
96,82376772,Cristie Torsiello  
97,24953853,Danial Korhonen  
98,77538864,Claretta Platero  
99,26133592,Petronila Lyle  
100,32550541,Dianne Liao 
